pay_to,networks,n_listed_urls,example_url
0x00c6e0708000ecd3b8c564775f27af85ff73e94c,base-sepolia,1,https://api-dev.intra-tls2.dctx.link/x402/swarm/qrn:swarm:68f1ec6d40f924c075ec7a08
0x0215c0c5621e52b7d05aaee7c6c6ad07c8688e54,base-sepolia,1,https://testgateway.mattober.com/x402/cid/bafkreibed3rrvo5cmzfwvytbmkqpgn5m7ays5cotf2agweycev5ibirl4m
0x04763848be2b70da18b3eb7e812f60a6dcc0279d,base-sepolia,1,https://api-dev.intra-tls2.dctx.link/x402/agent/qrn:agent:6823042fd973977d61d66bfd
0x05749e8d804294ec154376e2d675cf0ddfb70f9b,base-sepolia,1,https://api-dev.intra-tls2.dctx.link/x402/swarm/qrn:swarm:68f9dcfbc87f09b659144239
0x08798be66cb940e5d763a56ee4b79c31f190c682,base-sepolia,1,https://api-dev.intra-tls2.dctx.link/x402/swarm/qrn:swarm:68f0cb4d9c162996ee7192c9
0x0a15d92d44cf8e905047b0b0a50600481f8dc454,base-sepolia,1,https://api-dev.intra-tls2.dctx.link/x402/swarm/qrn:swarm:68f206389c162996ee72e102
0x0a2c9c2a295673b5b355735cbd03f7bd815d8569,base-sepolia,1,https://api-dev.intra-tls2.dctx.link/x402/agent/qrn:agent:68230447d973977d61d66ce1
0x0afaf05ee34a2c90f88d6f293cd1b8e23750e886,base-sepolia,1,https://api-dev.intra-tls2.dctx.link/x402/swarm/qrn:swarm:68f1f4219c162996ee72b3cd
0x0b7465f9817a2b77e44a1e248aa5b3e9c2ccdedf,base-sepolia,1,https://api-dev.intra-tls2.dctx.link/x402/swarm/qrn:swarm:68f9da71aa9a530561e6dfea
0x0c237b917f598670a66267545fe5c984bf4a991a,base-sepolia,2,https://api-dev.intra-tls2.dctx.link/x402/agent/qrn:agent:686e427e62eed6598f066dfd
0x0d97bc1b743edd53aa1491155bad8011f46bbbd3,base-sepolia,1,https://api-dev.intra-tls2.dctx.link/x402/swarm/qrn:swarm:68ef17471d6130e109875d45
0x0dedf73d9e5f96f01ab0dfceed3a1e435f2cd0f0,base-sepolia,1,https://api-dev.intra-tls2.dctx.link/x402/swarm/qrn:swarm:68f0ad2d9c48f862fcc5e4e4
0x0ebc3107ecb36ed7bb1a1c8e1087b81e4fde044e,base-sepolia,1,https://api-dev.intra-tls2.dctx.link/x402/swarm/qrn:swarm:68edbf9a9a89cedc55909218
0x0ffe96d5123dc144753034f6f388aced830e5a5f,eip155:196,1,https://human.twin3.ai/v1/human
0x10a604bd57538dbe35081584ca3bc73ba06b5a03,base-sepolia,1,https://api-dev.intra-tls2.dctx.link/x402/swarm/qrn:swarm:68f87f257aa0f71b3c5e5fe2
0x10be7f668cdaf23a784ac23bd0dd860c33ba0fbb,base-sepolia,1,https://api-dev.intra-tls2.dctx.link/x402/swarm/qrn:swarm:68f0ca069c162996ee718fd8
0x11d0bb8cb412ac8c631586539b71798656e97056,base-sepolia,1,https://api-dev.intra-tls2.dctx.link/x402/swarm/qrn:swarm:68f5976da985c01d2e6266e5
0x16702f7861ffc07a110750b9c5233cd1351ff389,eip155:8453,1,https://api.agentwonderland.com/x402/endpoints/people-enrichment
0x16ba8045407d644b8ebdb1fee69754ad39896ec0,base-sepolia,1,https://api-dev.intra-tls2.dctx.link/x402/swarm/qrn:swarm:68f8b70388e91d0ba6c9bdcd
0x178c005eb79c559d06469b91bd3cae8757e9e866,base-sepolia,1,https://api-dev.intra-tls2.dctx.link/x402/swarm/qrn:swarm:68db860782f61ca4a1683407
0x180785ecc3e9256b3f09181c0a368d53167aa75e,eip155:480,15,https://api.molty.cash/0xharryweb3/a2a
0x18ed3138b17f4503d2623825625f2776e3f7d0c6,base-sepolia,1,https://api-dev.intra-tls2.dctx.link/x402/swarm/qrn:swarm:68f1de4040f924c075ec76f7
0x1968333e47d868f5e94b0d61859eac24775924de,base-sepolia,1,https://api-dev.intra-tls2.dctx.link/x402/swarm/qrn:swarm:68eccf50b80b349148efa240
0x19a2546d388103a125edd8c36185df722ab93d25,base-sepolia,1,https://agent-pay-pi.vercel.app/api/products/:id/buy
0x1d93f90ee191138e89bf47ee162a23ec7ded909a,eip155:8453,1,https://api.agentwonderland.com/x402/endpoints/serpanalyzer
0x1ddfb3f5deb9f1381e171f636ba18867eaa39f11,eip155:8453,5,https://411data.io/api/v1/enrich/lead-session
0x1e1a4566c750e1392aa4fdb09c21f78e07f7e9ac,base-sepolia,1,https://x402-ai-starter-flax.vercel.app/api/add
0x1e5695c9adf672671af96c6c34b98a672cf67a4b,base-sepolia,1,https://api-dev.intra-tls2.dctx.link/x402/swarm/qrn:swarm:68f0cada9c162996ee719105
0x1e5eaa389a4c3c4ffa62f4cf72d8cbde3b7d8226,base-sepolia,1,https://api-dev.intra-tls2.dctx.link/x402/swarm/qrn:swarm:68f0cc109c162996ee719438
0x219f6d18af7fb8779d9f032ec66fb708f739714f,base-sepolia,1,https://api-dev.intra-tls2.dctx.link/x402/swarm/qrn:swarm:68db86fb82f61ca4a16835b5
0x22283a9a198b1b3cf83a8d887eea4fcc117ae8de,base-sepolia,1,https://api-dev.intra-tls2.dctx.link/x402/swarm/qrn:swarm:68f58abc98e12d91429de779
0x243d7f4c56fb8a628f1a59eda27dd04b6d675a6a,eip155:8453,1,https://agents.allium.so/api/v1/developer/prices/at-timestamp
0x28cb7fbe829e52844b4ae5708685496e81948eb5,base-sepolia,1,https://api-dev.intra-tls2.dctx.link/x402/agent/qrn:agent:68ee03aed8b26d2e2dff7c2f
0x2b9511efba278dadd1deb252d8fe937563994ebe,eip155:84532,1,https://toolbelt.glorianlabs.com/echo
0x2cfcf35a68ea78003d4f321fdd22b707bbb4e27d,base-sepolia,1,https://api-dev.intra-tls2.dctx.link/x402/swarm/qrn:swarm:68f2194b1964b63f34ad8b21
0x2df82bddb7872b4243e08bfdccbfba51d36dfaab,eip155:8453,1,https://agents.datalegion.ai/company/premium
0x2f21c05311a0cd55e1c36ff928ecfb87a0c93c8c,base-sepolia,1,https://api-dev.intra-tls2.dctx.link/x402/swarm/qrn:swarm:68f6f19ab496db62cf748761
0x2fe7f27c90755c3a365051b65f60fa8c42fe3460,base-sepolia,1,https://api-dev.intra-tls2.dctx.link/x402/agent/qrn:agent:6823065f5380bd59df4992e4
0x32d711c66dd1ad0c42d0cfe48e58ee5f2de7c243,eip155:8453,2,https://api.stelardigital.com/gridparams
0x35ddb966c0ce23fe3f923b5be0f3914a8ed40bae,base-sepolia,1,https://api-dev.intra-tls2.dctx.link/x402/swarm/qrn:swarm:68f065be410234576b2df398
0x3642fd7f3e2f2eac2342e41acb55e940cfd75e67,eip155:8453,1,https://api.melvea.com/v1/editorial/:slug
0x36e547e18236e8cc2b01cfd735bdb2705e6d4e99,base-sepolia,2,https://api-dev.intra-tls2.dctx.link/x402/agent/qrn:agent:68230442d973977d61d66ccb
0x36f3d849dfea85babc70df73045b8728be31be5a,base-sepolia,1,https://api-dev.intra-tls2.dctx.link/x402/swarm/qrn:swarm:68f0cb269c162996ee71920a
0x3731f5c2c1835e3ace2ac157c4e31b1cea0cb0e0,eip155:8453,1,https://email-auth.use.x402atlas.com/check
0x37a525f672941c2b2bce8524a92c0e9272a55526,eip155:8453,1,https://agents.allium.so/api/v1/developer/wallet/balances/history
0x3a854a54874e97dbc41f6cdd85f6dd1d2763bc4b,base-sepolia,1,https://api-dev.intra-tls2.dctx.link/x402/swarm/qrn:swarm:68edc2f59a89cedc559092d3
0x3bc84ed26cdd8eb68cb311eceda3e74fa8e307ad,base-sepolia,1,https://api-dev.intra-tls2.dctx.link/x402/swarm/qrn:swarm:68e4a9c2f71c46c3dab6c5da
0x3ed23414a3af941b06332710ae2357c2a093dcb7,base-sepolia,1,https://api-dev.intra-tls2.dctx.link/x402/agent/qrn:agent:6891bd58092f17ff446a3b4c
0x407f86ab87accbe739ae15b08093d079059525b1,base-sepolia,1,https://api-dev.intra-tls2.dctx.link/x402/agent/qrn:agent:68dba0e582f61ca4a1686963
0x4182d4e3f57bb78916552977a8ee1d5541fd684b,base-sepolia,1,https://api-dev.intra-tls2.dctx.link/x402/swarm/qrn:swarm:68f1de319c162996ee728674
0x41b3cd68baf6f4ba4ee65f6fb623c414c90894cd,eip155:8453,1,https://agents.allium.so/api/v1/developer/prices/history
0x4281ffcfdaaeff670ecacd7555bff502d657b670,base-sepolia,1,https://api-dev.intra-tls2.dctx.link/x402/agent/qrn:agent:682303bfd973977d61d66a38
0x42e0e75e5835059e7ec3b299f9cb5d7f0e84ac6c,eip155:143,15,https://api.molty.cash/0xharryweb3/a2a
0x44f8c2cc6d0ca134fdcd62ecf0baefe9b55a1278,base-sepolia,1,https://api-dev.intra-tls2.dctx.link/x402/swarm/qrn:swarm:68f595d3a985c01d2e626593
0x4709d0c52cd572bfd77876c29db8683150fa38b6,base-sepolia,1,https://api-dev.intra-tls2.dctx.link/x402/swarm/qrn:swarm:68edbf049a89cedc559091b4
0x4b3422e72f25578e32ac1deb1c7954be403bf5d3,base-sepolia,1,https://x402-prompt-store.vercel.app/api/ideas/image-microservice
0x4c6e46ec9d8aa3d61094124b083f112a87ea22e4,base-sepolia,1,https://api-dev.intra-tls2.dctx.link/x402/swarm/qrn:swarm:68db8960622da9e5eb2e5596
0x4e9fd5a22e78750a6299ac19885136ee2efa7893,base-sepolia,1,https://brown-voluntary-aardwolf-402.mypinata.cloud/x402/cid/bafybeihks62g6zgvmhdfw36a6jejwijgjutwhnonfggtwieu46ftp5ku24
0x4ee68ac515bc05fd1349b65f7f0c584ce59615a0,eip155:8453,1,https://api.agentwonderland.com/x402/endpoints/publish-html-to-a-public-url
0x4f0a582068729204d96827febd5c7d47b7874d5c,eip155:84532,1,https://x402-boj-macro-snapshot.vercel.app/api/boj/macro-snapshot
0x4f9df3535ef044c468e2d3599cd9937ee1869855,base-sepolia,1,https://api-dev.intra-tls2.dctx.link/x402/swarm/qrn:swarm:68eccf1bb80b349148efa165
0x50be3e7a4faea3e7be1d6f17a2759281f7841295,base-sepolia,1,https://api-dev.intra-tls2.dctx.link/x402/swarm/qrn:swarm:68f0aa413f7c401908790146
0x52254794ed04651436c0a176a2e49fbc26f5101a,base-sepolia,1,https://api-dev.intra-tls2.dctx.link/x402/swarm/qrn:swarm:68f2113e9c162996ee72f756
0x5257a1900198855ee7f4dc1c835687a1dfd72e36,base-sepolia,1,https://api-dev.intra-tls2.dctx.link/x402/swarm/qrn:swarm:68f885e27aa0f71b3c5e95e4
0x53ae7894319b7650187d81b8acafb95724f04b05,base-sepolia,1,https://api-dev.intra-tls2.dctx.link/x402/swarm/qrn:swarm:68f1f19240f924c075ec7c45
0x545e714a32394755c88a831a3c5f8e4130eed9bb,base-sepolia,1,https://api-dev.intra-tls2.dctx.link/x402/swarm/qrn:swarm:68f0c8219c162996ee71886f
0x54c885a7e87986ae28f109a577820c91b88b7a83,base-sepolia,1,https://api-dev.intra-tls2.dctx.link/x402/swarm/qrn:swarm:68f5948b93d1a55ee56c7524
0x54fb0ef420e403539ca5c47893c5ba0f97b6bf3c,base-sepolia,2,https://api-dev.intra-tls2.dctx.link/x402/copilot/qrn:copilot:tars
0x5648588e457f45208d8e7dfa032183b1cbb7d28c,base-sepolia,2,https://api-dev.intra-tls2.dctx.link/x402/agent/qrn:agent:682306635380bd59df4992fa
0x56771fedc51e0f352fdab5d6e0cd890eb4c3a751,base-sepolia,1,https://api-dev.intra-tls2.dctx.link/x402/swarm/qrn:swarm:68f8a18988e91d0ba6c97471
0x56a7bb1bd88fdc1752b542c188df0d6d624f175b,eip155:8453,1,https://api.agentwonderland.com/x402/endpoints/people-enrichment-deep
0x5702f2ea10236c30d312677aa35f7be9ad92f5db,base-sepolia,1,https://api-dev.intra-tls2.dctx.link/x402/swarm/qrn:swarm:68f9cbd8171bbfe8621867a8
0x574847c54ef2b815f04d29a929a0893145b6ae4a,eip155:8453,1,https://api.melvea.com/v1/varieties/:slug/citations
0x578ae05aeee9675ef643720fc470781b61f3ab53,eip155:8453,1,https://agents.datalegion.ai/person/base/no-pii
0x592e8329a12b83f096e2661e68f6fd6d92728392,eip155:84532,2,https://staging.agenticinsights.com/api/agent/meet-greet
0x59ba613cf8354df24b07bda956a8dbe012f0e5d8,base-sepolia,1,https://api-dev.intra-tls2.dctx.link/x402/swarm/qrn:swarm:68f893dc7aa0f71b3c5ec33e
0x59cbc98107a0c776d76792991610166d6da91ed9,eip155:8453,1,https://agents.datalegion.ai/person/base
0x5a2f06dc6d03c62ba9d88b30f9178ef02cb7e7a1,base-sepolia,1,https://api-dev.intra-tls2.dctx.link/x402/swarm/qrn:swarm:68f7332ab496db62cf748f05
0x5acc1be12e69c68c22b027315258f45d59b73ad9,base-sepolia,1,https://api-dev.intra-tls2.dctx.link/x402/swarm/qrn:swarm:68f9c92d92d9c54601867e42
0x5df96d88924a937660c6b4a71a96794ccf93f68c,base-sepolia,1,https://grapevine.dev-mypinata.cloud/x402/cid/bafkreih3q5zreio4blb3t5mvdlpxjbhchad25bloie5wq4hxsdspup3cni
0x5e0d68108c2fc84104c8fc693dd8dad561dfcb60,base-sepolia,1,https://api-dev.intra-tls2.dctx.link/x402/swarm/qrn:swarm:68f84f48ed94064fa9cb45f3
0x5f8700b3987916952329133ae761d6be03656ed1,base-sepolia,1,https://api-dev.intra-tls2.dctx.link/x402/agent/qrn:agent:6823047dd973977d61d66e5f
0x61eb1b96d3d4cfe6d7ef958bcc7352eaa7effcb8,eip155:8453,1,https://api.melvea.com/v1/catalog
0x649006bc937e7a60f98e49455d0fe3425321a3b0,eip155:8453,14,https://brasil-dados-api.onrender.com/cambio
0x64dd80232fe3500abba31f217dd011ca1f63a7a0,base-sepolia,1,https://api-dev.intra-tls2.dctx.link/x402/swarm/qrn:swarm:68ee29de1d6130e109861e30
0x66ce83f9627b2f1167187bd0e91d7c5fc71b2b1e,base-sepolia,1,https://api-dev.intra-tls2.dctx.link/x402/swarm/qrn:swarm:68f883197aa0f71b3c5e8b62
0x6813749e1eb9e0001a44c2684695fe8ad676cdd0,base-sepolia,1,https://nickeljoke.vercel.app/api/joke
0x6857eba14fc13d32054f47d22398e96296add29d,base-sepolia,1,https://thebestagency.dev-mypinata.cloud/x402/cid/bafybeifve5t7bs7dd2fim2z5xm5fjpeitc3kh45rja2xn2srvnxqspdcue
0x68b5cefb01ba7dd6fcc2f849fe8a3a451efe87ec,base-sepolia,1,https://api-dev.intra-tls2.dctx.link/x402/swarm/qrn:swarm:68f5d61a93d1a55ee56cd562
0x694745663790818e23ccc1d0dd96e6728cb19359,base-sepolia,1,https://api-staging.intra-tls2.dctx.link/x402/agent/qrn:agent:684a9fdd339dc3d8c7b26e54
0x6962e41ecfb9f73443ec27f9e2203a76bfa723c6,base-sepolia,1,https://api-dev.intra-tls2.dctx.link/x402/swarm/qrn:swarm:68f87c2d7aa0f71b3c5e4e5c
0x69a8a21266b760a3068cd29e9fdbec9b3b84847f,base-sepolia,1,https://api-dev.intra-tls2.dctx.link/x402/swarm/qrn:swarm:68f9a62e41a422fbbe931c4b
0x69e8e6ee6913c7b72a0244d4775fa4bbfc9bec1b,base-sepolia,1,https://api-dev.intra-tls2.dctx.link/x402/agent/qrn:agent:684abbca938f9dfa5feb0597
0x6a6e4294deb8322a150642807f25cb587dc5cf63,base-sepolia,1,https://lore-prod.vercel.app/api/memory/retrieve
0x6c520184d18db3b8b8e0b00d7b32bd0ca6a89092,base-sepolia,1,https://api-dev.intra-tls2.dctx.link/x402/swarm/qrn:swarm:68f0c9199c162996ee7189d4
0x6e62ff0591d4d8a0e5a1c274abcfd2d716f1035e,base-sepolia,4,https://grapevine.dev-mypinata.cloud/x402/cid/bafkreid47pctc75gkd66hoxd7pj5iiyzy2n5gloonxpu2h4ct2lsahv3oe
0x6e947f1e09918af7141903de63be8d02d211d5e6,base-sepolia,1,https://api-dev.intra-tls2.dctx.link/x402/swarm/qrn:swarm:68f882227aa0f71b3c5e86dd
0x6f8feea520a580fea5fa672b78cbabb6a1dd7dc8,base-sepolia,1,https://api-dev.intra-tls2.dctx.link/x402/swarm/qrn:swarm:68f5afdeb496db62cf747cf9
0x70aa5a3cbf265519667b6cefed8771916314ba84,base-sepolia,1,https://api-dev.intra-tls2.dctx.link/x402/swarm/qrn:swarm:68f5b17471a462d0c76bb802
0x7435976a602665202662333b9f8e050777d96667,base-sepolia,1,https://api-dev.intra-tls2.dctx.link/x402/swarm/qrn:swarm:68f09c333f7c40190878e52e
0x7437a817450ba32d22ebe8d2ac71611666999b8e,eip155:137|eip155:42161|eip155:480|eip155:8453,1,https://quokkapix.com/api/agent-unlock/coinbase-x402
0x74d4783c087fedf7ee7d2e27cd3c9e152f967dea,base-sepolia,1,https://api-dev.intra-tls2.dctx.link/x402/swarm/qrn:swarm:68f1f2009c162996ee72af5e
0x7668f349cfe601c48e5b5b4bff9d287fa137d987,base-sepolia,1,https://api-dev.intra-tls2.dctx.link/x402/swarm/qrn:swarm:68eca8dd7938a7458fbd26b6
0x768c02932615ec492a7739f790f0db6594b3cdc4,base-sepolia,1,https://api-dev.intra-tls2.dctx.link/x402/swarm/qrn:swarm:68ee02fbd8b26d2e2dff7428
0x76e0553ec2760ba0db5af4ef0d9e9da4066232a1,base-sepolia,1,https://api-dev.intra-tls2.dctx.link/x402/swarm/qrn:swarm:68f8af0388e91d0ba6c99dba
0x78397b97e4cc96ddb46fdeae391b05546316a218,base-sepolia,1,https://x402-ai-starter.vercel.app/api/add
0x78e53162f9a391fd9552905636dc0d7c286e5dd9,base-sepolia,1,https://api-dev.intra-tls2.dctx.link/x402/swarm/qrn:swarm:68fa0a5a4c723a3e3fffce93
0x7ad9d5bc20a096a686595fcaae2d177484514608,eip155:4217,15,https://api.molty.cash/0xharryweb3/a2a
0x7c61aebae7c5ccfdab285ad91979e82d235456f5,base-sepolia,1,https://api-dev.intra-tls2.dctx.link/x402/agent/qrn:agent:68e4a5d524bb22800207a929
0x7e0420bc3afd58d28484ea1c2160ecb287b4c684,eip155:8453,1,https://api.agentwonderland.com/x402/endpoints/post-discovery
0x7f5be022d618d80828787e69ac1929f0c29f9ceb,base-sepolia,1,https://api-dev.intra-tls2.dctx.link/x402/swarm/qrn:swarm:68ef7b69edb2088cc0ddd8c7
0x7fa246b496a84c0927e4b1584f3717943e322f69,base-sepolia,1,https://api-dev.intra-tls2.dctx.link/x402/swarm/qrn:swarm:68edf2c82c00f5ed07016cf2
0x7fe9e017dea91a00a0a75d719b6f61ebf92b3ffd,base-sepolia,1,https://api-dev.intra-tls2.dctx.link/x402/agent/qrn:agent:68ef7eb7edb2088cc0dddc1a
0x814efe784709f5bf8df47735d87602b01030e5d2,eip155:8453,2,https://notary.forgemesh.io/api/notarize
0x815fec48349329f993b1aa2d1ba9954ebe50c298,base-sepolia,1,https://api-dev.intra-tls2.dctx.link/x402/swarm/qrn:swarm:68f8d84cff77bdafbaf68380
0x82096bf08d81c14c678e915a04fcf150958ee571,eip155:8453,3,https://perpsignals.use.x402atlas.com/fear-greed
0x836534fbf04785fc6e4859e0279706436895c717,base-sepolia,2,https://api-dev.intra-tls2.dctx.link/x402/agent/qrn:agent:68db407a7fbdb84f70af1288
0x849d07954f9d32f6c2495c4970d18bb986a5069e,base-sepolia,1,https://api-dev.intra-tls2.dctx.link/x402/swarm/qrn:swarm:68dccb9e7706fb5081dd9a7e
0x8532da6850da325cdee828a4efc24d7943f8eadb,base-sepolia,1,https://api-dev.intra-tls2.dctx.link/x402/swarm/qrn:swarm:68f1ee1d40f924c075ec7b02
0x86ba9d01e61a8b40c5f0f52f6a501b5178608d2d,base-sepolia,1,https://api-dev.intra-tls2.dctx.link/x402/swarm/qrn:swarm:68f9d8b924ab2957781bbd4a
0x8702efb89e3fc8a57bf175fa244c84cdab0c6a5c,base-sepolia,1,https://api-dev.intra-tls2.dctx.link/x402/swarm/qrn:swarm:683984b8ec15a7b81ce4a4ac
0x89c48ce1f794c3bbbb1f19e29ec8aa58058e5448,base-sepolia,1,https://api-dev.intra-tls2.dctx.link/x402/swarm/qrn:swarm:68f08bf93f7c40190878c7ab
0x8a3c0dbaf424c93cbe9de76f64216c1340ef974f,base-sepolia,1,https://api-dev.intra-tls2.dctx.link/x402/swarm/qrn:swarm:68f9cb150f57b44388faafa1
0x8c28a328ee794360c71e1527f8850d8ff65c295f,base-sepolia,1,https://api-dev.intra-tls2.dctx.link/x402/swarm/qrn:swarm:68b11e2e29c09efa605ed4f3
0x8cdba3243ecb7442792c3b3422021f17dd47ebf1,base-sepolia,1,https://api-dev.intra-tls2.dctx.link/x402/swarm/qrn:swarm:68edef0d9e742e46897d7af1
0x8d5e87cf95451d71e5533145540349bc1d3e7eeb,base-sepolia,1,https://api-dev.intra-tls2.dctx.link/x402/swarm/qrn:swarm:68f8d5caf4709fbe67edf0b8
0x8d64a4834e262d96d1264e8900b5a4f1405b8982,eip155:8453,2,https://gdelt.use.x402atlas.com/search
0x8d74eb827c88e22ab5f2b33d2514bb24d33595ca,base-sepolia,1,https://api-dev.intra-tls2.dctx.link/x402/swarm/qrn:swarm:68f89b6c88e91d0ba6c955be
0x8dfc9cb7c26720b889a296928814e8cb0495c84d,base-sepolia,1,https://api-dev.intra-tls2.dctx.link/x402/swarm/qrn:swarm:68f8acbe88e91d0ba6c999a8
0x8ff47a43b7e9f67d76f4f3aba6dc2c0a196a9114,base-sepolia,1,https://api-dev.intra-tls2.dctx.link/x402/swarm/qrn:swarm:68f8d728f4709fbe67edf1e0
0x901f67814e408a152b931255308b7ecbe63cb867,base-sepolia,1,https://api-dev.intra-tls2.dctx.link/x402/swarm/qrn:swarm:68f6fe81e5045b65fa7766cf
0x919aaa8a70da79f6184e6d0094e7f4bfb8aa65db,base-sepolia,1,https://api-dev.intra-tls2.dctx.link/x402/swarm/qrn:swarm:68ecc0ccd2f1fd7645d7e820
0x92cb873c2d114d6aa847eb110f721da22b5220f7,base,1,https://agent-data-toolkit.onrender.com/repair
0x93559995092d99c616f6d682efeaeb2cf25f0e57,eip155:1187947933,14,https://api.molty.cash/0xharryweb3/a2a
0x93576aca4c0b386b041aa4258eeec470db620e96,eip155:8453,1,https://api.melvea.com/v1/recommend
0x94e1a2883a994e3a8ee127077b06b557031a123e,base-sepolia,1,https://api-dev.intra-tls2.dctx.link/x402/agent/qrn:agent:68b5463de9a4e050db0efbdb
0x95fc34c1923099998f470a93850669a9efa7fb55,base-sepolia,1,https://api-dev.intra-tls2.dctx.link/x402/swarm/qrn:swarm:68dbd9a87706fb5081dcc99d
0x96f7bfa38ab71acf7448b6a8eebc4a2383c02d14,eip155:84532,1,https://agent-proxy.alchemy.com/v1/x402-testnet/11488ccf8e53b480/lookup/:id
0x9846d2979a123a0fad7c0a2d7210142948cc52d3,eip155:8453,1,https://x402.tavily.com/search
0x98cdc115c0e3d105e04a7face9a0daf75d2e5ada,base-sepolia,1,https://api-dev.intra-tls2.dctx.link/x402/agent/qrn:agent:68230461d973977d61d66dad
0x98d39e4c3c60e2db24261dd402c124db4335b3a7,base-sepolia,1,https://api-dev.intra-tls2.dctx.link/x402/agent/qrn:agent:68ee2b6a1d6130e109861f6f
0x9a8abd48edc0460e23da97d20b77d6421152f30c,base-sepolia,1,https://api-dev.intra-tls2.dctx.link/x402/swarm/qrn:swarm:68f5abac93d1a55ee56c9586
0x9e6d33bcba1fe0acab3948b60e4c986dbda7b22a,base-sepolia,1,https://api-dev.intra-tls2.dctx.link/x402/swarm/qrn:swarm:68f1ff319c162996ee72d0ba
0x9e730985cb9925e8addb9e7701c2a45a5cd226a9,eip155:196,19,https://api.messari.io/funding/v1/funds
0x9ed7d8278644992aa364940f984ff74de64081ba,eip155:8453,1,https://api.agentwonderland.com/x402/endpoints/pulse-monitor
0x9ee3cef3a4172e46ba011cfb1b86a4d1f3b242b9,eip155:8453,1,https://visibility.vevang.com/check/spot
0x9fd64573a805362d6d43be7ac291f61f518e7c2b,base-sepolia,1,https://api-dev.intra-tls2.dctx.link/x402/swarm/qrn:swarm:68f9f4e6c87f09b65914893d
0xa10e0e811a5e2097c61b1cfcd361c7e08a7c16aa,base-sepolia,1,https://api-dev.intra-tls2.dctx.link/x402/swarm/qrn:swarm:68f8d51b0f57b44388f953a1
0xa1276a1135f73e9f910e29915f556c6a4496bb9c,base-sepolia,1,https://api-dev.intra-tls2.dctx.link/x402/swarm/qrn:swarm:68f87a480be638ba41f6325f
0xa1517ccd0816ccca74dd7467e09dc29004b24445,base-sepolia,1,https://api-dev.intra-tls2.dctx.link/x402/swarm/qrn:swarm:68f89b7e88e91d0ba6c9568a
0xa1bd2b2d85558732e604f065addd9e1fa23b5478,eip155:8453,1,https://api.agentwonderland.com/x402/endpoints/write-landing-page-copy
0xa3fe4a0834b5eca24f48f7cd23e5de257109780d,eip155:137,1,https://donotact.com/x402/v1/dispute/:venue/:market_id
0xa5f42b1a18d406a17d605b1c4207210fa37fe169,base-sepolia,1,https://api-dev.intra-tls2.dctx.link/x402/swarm/qrn:swarm:68fa09a8c87f09b65914cbac
0xa64192dd747584e9621718a9a7d80ec6bbca6943,eip155:8453,1,https://x402rep.invoitech.com/api/v1/reputation
0xa6855bc13e3f6818fed4dc1732280b5b8c4c257d,base-sepolia,1,https://api-dev.intra-tls2.dctx.link/x402/swarm/qrn:swarm:68f5d75893d1a55ee56cdc07
0xa9085ff9a2a2b703331730c00bbb156a64813d25,eip155:8453,1,https://api.vevang.com/render/short
0xa9cb5c96c0ab4b5adcb226042197fe9d85fa74f5,base-sepolia,1,https://api-dev.intra-tls2.dctx.link/x402/swarm/qrn:swarm:68f8560aed94064fa9cb5369
0xac50faa18ec8e6c165f3cc4c6ed4bc66fc47f2ff,base-sepolia,2,https://api-dev.intra-tls2.dctx.link/x402/agent/qrn:agent:68f59a6a93d1a55ee56c7d3b
0xacaf8730d98ba64ef2c94ef3b29be214274c8aa8,base-sepolia,1,https://api-dev.intra-tls2.dctx.link/x402/swarm/qrn:swarm:68f1fa8c9c162996ee72c4bc
0xafb6fa24e878d668e0cfe78a6eeb95989c25596a,base-sepolia,1,https://api-dev.intra-tls2.dctx.link/x402/agent/qrn:agent:68d64499d2f95c290af9fa9c
0xafbfeacc04b11777b5ed484428d9132776ac6aa5,base-sepolia,1,https://api-dev.intra-tls2.dctx.link/x402/swarm/qrn:swarm:68eccf48b80b349148efa1ea
0xb05b99febdbfdf74464c3ffc7c48158b00d8dce0,base-sepolia,1,https://api-dev.intra-tls2.dctx.link/x402/swarm/qrn:swarm:68eca3887938a7458fbd1de5
0xb138db2c7164c30effa08429ed38fb6d17767c7b,eip155:8453,1,https://agents.allium.so/api/v1/explorer/queries/run-async
0xb41643e4b7705614cd6aeb20b4a99b883cf16258,base-sepolia,1,https://api-dev.intra-tls2.dctx.link/x402/swarm/qrn:swarm:68f8d7d6ff77bdafbaf6823c
0xb5db01c853de3cda4ffdd24be601134964238280,base-sepolia,1,https://api-dev.intra-tls2.dctx.link/x402/swarm/qrn:swarm:68e8b14c3c3d5114bcb07b2c
0xb79d4ef4f001d075fed86da1be26847cdb394b71,base,1,https://x402.browserbase.com/browser/session/create
0xb7e3db5c9586a22dd13d05d237e419374b93b498,base-sepolia,2,https://api-dev.intra-tls2.dctx.link/x402/swarm/qrn:swarm:68245d50639b9d8f54d50eda
0xb82ea8a4165c5024c56bc445a917ef50351e2b54,base-sepolia,1,https://api-dev.intra-tls2.dctx.link/x402/agent/qrn:agent:687f06f575c60d9158e812f4
0xb8abd5b42027c80ee45b4eb5c497dd1fe8dcfcb0,base-sepolia,1,https://api-dev.intra-tls2.dctx.link/x402/swarm/qrn:swarm:68f875c87aa0f71b3c5e29d4
0xb9fae1e2aa1a508bbafd511b804b7067fe5a3986,eip155:8453,1,https://verifier.vevang.com/verify
0xbaee67b881e486f1b9f4518305224e9a8d380d9b,base-sepolia,1,https://api-dev.intra-tls2.dctx.link/x402/swarm/qrn:swarm:68dcbb9bab3e24a6307ad4df
0xbbb5b8edfd4475c9b0a1ab4fb27cf0ea058a7612,base-sepolia,1,https://api-dev.intra-tls2.dctx.link/x402/swarm/qrn:swarm:68f9dc2cc87f09b659143f7d
0xbfa3886b99ba2e2d1573cb09e57d9bb2a35a96b2,eip155:8453,1,https://agents.datalegion.ai/company/base
0xc14cabceba0158e5335124febf618c916e3d2804,base-sepolia,2,https://api-dev.intra-tls2.dctx.link/x402/agent/qrn:agent:68ee0521d8b26d2e2dff7dc3
0xc876b4a072fcedbd4a0febba467e9c8d0592ace7,base-sepolia,1,https://api-dev.intra-tls2.dctx.link/x402/swarm/qrn:swarm:68f9d6e4d73a623984833433
0xc91d3d75a91ce53096c4956e037da5a7e54144e9,base-sepolia,1,https://api-dev.intra-tls2.dctx.link/x402/swarm/qrn:swarm:68dd145f642815754d3ec176
0xc9c2bef6138f217cd58631314b976398c8f5e679,base-sepolia,1,https://api-dev.intra-tls2.dctx.link/x402/swarm/qrn:swarm:68e9cf3fb3955a431305fb2d
0xcbac33e6ee371b44a0d4a69500af491dde88c7b6,base-sepolia,1,https://api-dev.intra-tls2.dctx.link/x402/agent/qrn:agent:68ce54b51f3dbc744518a415
0xcc42ed39a06b6cf3f484307ef76b88bf56fb305f,eip155:8453,5,https://runwayoracle.com/v1/oracle/v3/lax-edge
0xcd5cac332866383842e5d48c4c40a606b5d8da79,base-sepolia,1,https://api-dev.intra-tls2.dctx.link/x402/agent/qrn:agent:68ee165dd8b26d2e2dffa01c
0xcee4259fae5931078cd3ed030180e55f11bb9f35,eip155:84532,5,https://2s-jwnd2jdga-alleyford.vercel.app/api/business/naics
0xcfcfadebb195641bad24c126b2712e21aad205a8,base-sepolia,1,https://api-dev.intra-tls2.dctx.link/x402/swarm/qrn:swarm:68ef4434edb2088cc0dd6a8a
0xd5ffec8c15430bf3299d34c73c80c9780650dea9,base-sepolia,1,https://api-dev.intra-tls2.dctx.link/x402/swarm/qrn:swarm:68f2093d9c162996ee72e5f6
0xd774e78fe58112e8eff9504747be84132d45dfc8,base-sepolia,1,https://api-dev.intra-tls2.dctx.link/x402/swarm/qrn:swarm:68f8a3df58169e9431c148f0
0xd994d8b57c3516a5e0fcc3730e1a75a6d2655e9b,base-sepolia,1,https://api-dev.intra-tls2.dctx.link/x402/swarm/qrn:swarm:68f21a481964b63f34ad8bd9
0xda60f4d061fc9acf3b107123f0bf44c293b328d0,eip155:196,1,https://api.messari.io/news/v1/news/feed
0xda9c842c68b9fe584f0d9757eebfd607b33fb680,base-sepolia,1,https://api-dev.intra-tls2.dctx.link/x402/swarm/qrn:swarm:68ee196ed8b26d2e2dffacf0
0xdb122d27d5e6009a05c9def954672d1e02cc93cb,base-sepolia,1,https://api-dev.intra-tls2.dctx.link/x402/swarm/qrn:swarm:68ef7e429c48f862fcc4d377
0xdc1e2362c6990aac6f9fcf19f9272a720ed5ff5a,eip155:8453,1,https://api.agentwonderland.com/x402/endpoints/twitterx-search
0xdcfbbddd3cfeb5d1372d0aed96b2b4fd70ea6b65,base-sepolia,1,https://api-dev.intra-tls2.dctx.link/x402/swarm/qrn:swarm:68f886b57aa0f71b3c5e9a50
0xddc61c9781abc70e83daf3aadb9b3d7be0fc3ed7,base-sepolia,1,https://api-dev.intra-tls2.dctx.link/x402/agent/qrn:agent:687f3708eb51e7d6d6849d8c
0xde040fe96b65b7136f85382f727791d9681345da,eip155:8453,1,https://agents.datalegion.ai/person/premium/no-pii
0xdee1ed75a413925a002decaf35351c76501bf6f1,base-sepolia,2,https://api-dev.intra-tls2.dctx.link/x402/agent/qrn:agent:68230489d973977d61d66e9d
0xdf3c25dc91f451c8609e9cbe951139f8fe80948b,base-sepolia,1,https://ppv.mypinata.cloud/x402/cid/bafkreidodycl6n4ns7qqp32ywljst5lfgdy6kdyke4b5v6rgbaimggrsx4
0xdf7c9fa8001486a78d997398848a8e659b1b994e,base-sepolia,1,https://api-dev.intra-tls2.dctx.link/x402/swarm/qrn:swarm:68f8b26f88e91d0ba6c9abe2
0xe5ebeb418d34b94549345f74e57c9dc1e69515ab,base-sepolia,1,https://api-dev.intra-tls2.dctx.link/x402/swarm/qrn:swarm:68ee15b82c00f5ed07016fef
0xe688f1f2cc1a0aa5bd50321dd5851908ab291265,base-sepolia,1,https://api-dev.intra-tls2.dctx.link/x402/swarm/qrn:swarm:68ef480bedb2088cc0dd77e9
0xe8f330c6b25fc2dc73e854921f53f504414147e2,base-sepolia,1,https://api-dev.intra-tls2.dctx.link/x402/swarm/qrn:swarm:6878d00a66c4580268017ead
0xeae48f1e0d58a58bdff4bce24941c8d80f71a999,base,2,https://25eea783-b936-4296-ac87-c0e08276cd6c-00-1gb08v8hk77v0-l5j0cc5r.riker.replit.dev/api/products
0xeb0f33317a183006c242bd0ba48fd46843854cc8,base-sepolia,1,https://api-dev.intra-tls2.dctx.link/x402/swarm/qrn:swarm:68f205c640f924c075ec7efb
0xeb22cc45bd3d3e52b32506e2d45b4bee9c78f470,base-sepolia,1,https://api-dev.intra-tls2.dctx.link/x402/agent/qrn:agent:68355af5edb8edd20e1c362d
0xeb7d70ee9adcfb9a8406cef7b8523342b3ea4f8d,eip155:8453,1,https://agents.datalegion.ai/person/premium
0xee82eba6a96b8dcd2a9ba4e3e29333101bf32983,base-sepolia,1,https://api-dev.intra-tls2.dctx.link/x402/swarm/qrn:swarm:68f9c5f80f57b44388faa66c
0xeec22e22a3e7f2f32e5239485e5c35a12b14587d,base-sepolia,1,https://api-dev.intra-tls2.dctx.link/x402/swarm/qrn:swarm:68f89e4b88e91d0ba6c96885
0xf1cfb831fc97a6f744fff73ae285b66161819c75,base-sepolia,1,https://api-dev.intra-tls2.dctx.link/x402/swarm/qrn:swarm:68ee183c2c00f5ed07017086
0xf1f51bda16db595d98e28d32993fd6144ebd77ab,base-sepolia,1,https://api-dev.intra-tls2.dctx.link/x402/swarm/qrn:swarm:68fa0ad0c87f09b65914cfe8
0xf3689e361d97ccba63fe07dfc06a345f69b26950,base-sepolia,1,https://x402-chat-tau.vercel.app/api/agents/create
0xf4df7d4a42fcb844d4c651ae5c0312215d5222f2,base-sepolia,1,https://api-dev.intra-tls2.dctx.link/x402/swarm/qrn:swarm:68f9e06d8c694476d90dc818
0xf5b59aa4d23621b382ac56465e2a78432ce768ca,eip155:137,1,https://agents.allium.so/api/v1/explorer/queries/run-async
0xf67a70744cca9727d9585b3db13cd747424021f5,base-sepolia,1,https://api-dev.intra-tls2.dctx.link/x402/swarm/qrn:swarm:68f8a31888e91d0ba6c976f7
0xf709569c055bff0cdd342d9a25bd1b9ea2859a2a,base-sepolia,1,https://api-dev.intra-tls2.dctx.link/x402/swarm/qrn:swarm:68f1fc7f9c162996ee72c8ba
0xf752eeb75d3bea24aa867ad93bfd8ef5a2f431b9,eip155:8453,3,https://websearch.use.x402atlas.com/extract
0xfd4e26c2defdbdb065abae593ef9065318973e42,base-sepolia,1,https://api-dev.intra-tls2.dctx.link/x402/swarm/qrn:swarm:68f2201e41f49aa685b2936f
13k3covdPH54hWfmb5wVv3w6QrupKndNM8LxYX4YTQAe,solana:5eykt4UsFv8P8NJdTREpY1vzqKqZKvdp,1,https://agents.allium.so/api/v1/developer/prices/history
2147pBT4LxoszjvLeGRxyVzpRnMi986VH3FAoprSs8Ez,solana:5eykt4UsFv8P8NJdTREpY1vzqKqZKvdp,87,https://store.agentexchange.work/agent/enterprise-integration
2BTzdCAcCLaNA2SSZ1YjJvTtscNCpUMUEjLY3LyBpNMk,solana:5eykt4UsFv8P8NJdTREpY1vzqKqZKvdp,10,https://address.agentic-jp.com/normalize
2VS2kvhZU5doNpweAQ34wxwXqPdVvEdR35K92CzsEoH1,solana:5eykt4UsFv8P8NJdTREpY1vzqKqZKvdp,4,https://voidfeed.ai/v1/content/extract/dataset/latest
2h752kAbb9z1jpdSzqMEYg9JHv6TPJ6T2BfAJMyjLFtZ,solana:5eykt4UsFv8P8NJdTREpY1vzqKqZKvdp,28,https://api.seerium.xyz/v1/agent-output
2hAXt3sb2GZrtXx4ae4Ywc7enqrE191nktyL5k2nWSfg,solana:5eykt4UsFv8P8NJdTREpY1vzqKqZKvdp,2,https://hypernatt.com/api/m2m/liq-radar
2pEvMTTR9AXvzLUxoP2ithWCHpLyiCDRo3KmvZSjVfUp,solana:5eykt4UsFv8P8NJdTREpY1vzqKqZKvdp,5,https://stable-merch-git-rfs-checkout-nites-merit-systems.vercel.app/api/ucp/checkout-sessions/stablemerch%3Acheckout%3Acmqimhb4t0000jv04tulgnnqp/complete
3H8oRdbRf18b2aaMVBfgJVDhnjhiXjCVTP5ZnNmPuikb,solana,4,https://emc2ai.io/x402/bitquery/candles/raw
45q8KyCAGSHHd6qYP2ZkEJh22SzeQeXRfyFsENcx3KN6,solana:5eykt4UsFv8P8NJdTREpY1vzqKqZKvdp,1,https://api.intelica.dev/intel
4NeaPHVMpt39Q8w35uU3haiesytL83Hb4LGWSVdZxdVr,solana:5eykt4UsFv8P8NJdTREpY1vzqKqZKvdp,12,https://cryptointel-production.up.railway.app/contract-check
4du4AfkxFvtqEWaoRWrifoSXCknuMpAGh3BXrFPFvXFh,solana:5eykt4UsFv8P8NJdTREpY1vzqKqZKvdp,3,https://tick.hugen.tokyo/tick/all
4eXmvApCcE8wiEWRjoDAfN5Jpdi2UFKTJ9irswV9dkX2,solana:5eykt4UsFv8P8NJdTREpY1vzqKqZKvdp,6,https://chain-analyzer.com/api/v1/x402/address/:address/risk-score
4mrVHqtDj5ctVbsFGPWSyXuykvw3K9U2rwsGfMKMvHeK,solana:5eykt4UsFv8P8NJdTREpY1vzqKqZKvdp,7,https://codex.everygoodwork.io/:address/e2e-test-1771113668931
520ca7be-8ffe-4b50-ba8a-c1d8d6c2141a,lightning:mainnet,4,https://emc2ai.io/x402/bitquery/candles/raw
5GRGZVUNRF2S4BY2TNRBCUCKUOT3H6BP56ACPCZVGR3ISTTRRSSB2RGJGI,algorand:SGO1GKSzyE7IEPItTxCByw9x8FmnrCDexi9/cOUJOiI=|algorand:wGHE2Pwdvd7S12BL5FaOP20EGYesN73ktiC1qzkkit8=,20,https://api.carbon-cashmere.de/v1/bittensor-derivatives/alpha-price-history/:netuid
5GVtTRtmVohXs6ADYhN2tx11Hy882ZpGWQhGeQ7o8dTpZ3qU,polkadot:2f0555cc76fc2840a25a6ea3b9d68e50,1,https://blockmachine.io/user-management-api/x402/api-keys
6X7E1kWxiDb9KMVBWpj1vhGLngaH9nBJS31YUyrG2mwq,solana:5eykt4UsFv8P8NJdTREpY1vzqKqZKvdp,96,https://agents.gedx402.com/v1/agents/:action
6XcSfqJHr9vNW2vbiRaMqUYVm7shDgLepca54wUTDPN5,solana:5eykt4UsFv8P8NJdTREpY1vzqKqZKvdp,42,https://api.aidress.ai/pay/agent_ottoai_crypto_news
6u5LMGQC2qk9peNibahmRWxGVXrBypk8nhTCcqtiuqMY,solana:5eykt4UsFv8P8NJdTREpY1vzqKqZKvdp,62,https://stabletravel.dev/api/activities/by-square
6ykReP1sjEudsBC7YR7fgCzhezTGPwKa9utjfXrnNEig,solana:5eykt4UsFv8P8NJdTREpY1vzqKqZKvdp,1,https://agents.allium.so/api/v1/developer/prices/at-timestamp
8VZEQmHM8ADqTSWMtnn3cMmevBaR1E8xrrzm2zf81g2U,solana:5eykt4UsFv8P8NJdTREpY1vzqKqZKvdp,13,https://socialx402.com/api/sc/facebook/adLibrary/company/ads
8WhWE8YgY5QBWyLowEHuaZiWdwDM3SrgDk36xYBNvYNS,solana:5eykt4UsFv8P8NJdTREpY1vzqKqZKvdp,35,https://gateway.spraay.app/api/v1/analytics/txhistory
8iXcsEsCMEENEFPJiPNRzuWMqgspE2J1HDbFVvZzrEwB,solana:EtWTRABZaYq6iMfeYKouRu166VU2xqa1,6,https://cleared.ink/wan/generate/480p
8sb5cwywZMyskDFBnPsaYJC3jwEkjDJtb3oVrhDMzF5Y,solana:5eykt4UsFv8P8NJdTREpY1vzqKqZKvdp,1,https://agents.allium.so/api/v1/developer/wallet/balances/history
8wWaMkeydbXDwbZCju6UJaf2eShT3LcN2XDGeYBX8R3i,solana:5eykt4UsFv8P8NJdTREpY1vzqKqZKvdp,1,https://mobile-independance.vercel.app/allora/price
95cEGd2gL7dxaXBYRuunWTxE1rxDojzWjVYhT6LJGZB7,solana:5eykt4UsFv8P8NJdTREpY1vzqKqZKvdp,1,https://sentineltrust.xyz/v1/reputation
95xcrFtRVn2fkoAKiCUKxPpTc1GN8MTyonVwLFfJfzux,solana:5eykt4UsFv8P8NJdTREpY1vzqKqZKvdp,1,https://stableupload.dev/api/site/renew
9ZJQFeMPrHkukzv8UQ4z6yxKKBCg9RUqkCzrGZYc8LF,solana,1,https://x402.browserbase.com/browser/session/create
9xj8PZ8GEoqmvtcLuB4npts55ahnj8erZ7fF4DhwfF5n,solana:5eykt4UsFv8P8NJdTREpY1vzqKqZKvdp,1,https://agents.allium.so/api/v1/explorer/queries/run-async
9ymPsY1zKH1tyqBJedYXUEp5U3WG9mGSK44mRUXeeLDK,solana:5eykt4UsFv8P8NJdTREpY1vzqKqZKvdp,3,https://stable-media-git-ben-test-agentcash-router-pr-212-merit-systems.vercel.app/api/genres/list
Ae1uowYSjbH47uCiZMmc51Aqxf964b1Fs4d1bjaPmMN6,solana:5eykt4UsFv8P8NJdTREpY1vzqKqZKvdp,24,https://api.invoket.com/climate/aggregate
AifT6piHJ957oqgeRVLAiAmvm3dJ3rLnD2EVck6Msf7k,solana:5eykt4UsFv8P8NJdTREpY1vzqKqZKvdp,10,https://api2ls.com/api/balance
AytHnvc6bZx1ALTy7b5Px7hcavoSYszG9aeKvDcZ8R1u,solana:5eykt4UsFv8P8NJdTREpY1vzqKqZKvdp,73,https://api.agentstools.dev/code
B7JydR7WRbWy5vjZjQoikyRhj6HXz6C7x7zzNFGQRFDb,solana:5eykt4UsFv8P8NJdTREpY1vzqKqZKvdp,10,https://stabletickets.dev/api/attractions/details
BivxyYXnSVf1ugodV3y1CHzFGa2DqasBNMQienDXC4r3,solana:5eykt4UsFv8P8NJdTREpY1vzqKqZKvdp,41,https://api.gocreativeai.com/v1/census/business-state/:var1
CCM8i6pzPYvH9W8FLKivKhrfeKzmf1oJAhMpCGSAFS18,solana:5eykt4UsFv8P8NJdTREpY1vzqKqZKvdp,1,https://base-sol-rugcheck.vercel.app/api/rugcheck
CHHWRYyo8exGvcLGn3AxzHEZseLZDTnq3FaYkzZVQDQr,solana:5eykt4UsFv8P8NJdTREpY1vzqKqZKvdp,28,https://readx.1x402.sh/api/:name
CawPXxATKM9iBPc2o6FRzu9LbvzZWcepD9akwZkbDyDo,solana:5eykt4UsFv8P8NJdTREpY1vzqKqZKvdp,2,https://api.munition.io/v1/airports/search
D6GAZpvvLe8aUi9qZEDTXPERHpP3pwAgaeucp9ib1fW,solana:5eykt4UsFv8P8NJdTREpY1vzqKqZKvdp,48,https://stable-financial.vercel.app/api/company/facts
DTsX7PxG2Qya5m2Ysfjq4eEYXmmYrmt5MHgJQ7bEQsNT,solana:5eykt4UsFv8P8NJdTREpY1vzqKqZKvdp,4,https://stable-jobs-git-ben-test-agentcash-router-pr-212-merit-systems.vercel.app/api/coresignal/job-search
DnpefxqxUYSPZ6tFtWe7WFUVpACJ8LifeyafRJZvmvkA,solana:5eykt4UsFv8P8NJdTREpY1vzqKqZKvdp,18,https://centry.cybercentry.co.uk/api/services/cyber_security_consultant
EMwHXkEUR878JcCd3v5nrgK3fc9psQ3sNkAvEmaCSt7J,solana:EtWTRABZaYq6iMfeYKouRu166VU2xqa1,1,https://agent-proxy.alchemypreview.com/v1/x402-testnet/ceef02c90939785a/echo/
FJqAJ4dXkFbrp3EEo8E9x98iaBGUQwaU8Srz5ePfUXLH,solana:5eykt4UsFv8P8NJdTREpY1vzqKqZKvdp,77,https://x402-deployer.x402-deployer.workers.dev/hacker-news-search
FehC2Hu4ocQnxNWhpePQNV4kwPA2v6oHaaLnuXJXUwtn,solana:5eykt4UsFv8P8NJdTREpY1vzqKqZKvdp,1,https://law-mcp.toulaw.workers.dev/api/v1/search
FtDZJuEkZAb53tSYL5uhRMa7sSx2F8EuST4b7nh5aFpd,solana:5eykt4UsFv8P8NJdTREpY1vzqKqZKvdp,4,https://gate402.app/v1/dedup
GB6QDRW5UL42MGAGG6ELQ43YMEMKNBXYDQJ72HVFHEPB23ROWPKDPR7I,stellar:pubnet,15,https://api.molty.cash/0xharryweb3/a2a
GCB5WZT5VCBBATGMQMTB6TLUXD6KQC6N5ITRWK3CCP4J3YOCE45FA2GO,stellar:pubnet,3,https://app.heinrichstech.com/v1/cdp/chain/erc20-balance
GDYFWCUFLG7MZAITOOVITYDNCLVJXWJ7OASYJAJPPOTONUQRNBCRO2VP,stellar:pubnet,1,https://api.carbon-cashmere.de/v1/network/:var1
GXTcDuC5mPnmbWSza92FcX9zSmp8QuPpFh6n1ad9c9zM,solana:5eykt4UsFv8P8NJdTREpY1vzqKqZKvdp,6,https://utilsforagents.com/v1/diff
HJfYcc2XtmrLgr4kze6kdp1JNHsqrdfJiHucpKNQaoJe,solana:5eykt4UsFv8P8NJdTREpY1vzqKqZKvdp,12,https://aviationapis.com/aircraft-position
J7aN3PLJnTCF5qpEnvJHJsnCjcGuqC2rYtEM8Gv3xwg,solana:5eykt4UsFv8P8NJdTREpY1vzqKqZKvdp,1022,https://agent402.tools/api/add-time
fpsaoRu3UYL8zf5or24iRhDZiTzBrGNT2FRLu8sqpmN,solana:5eykt4UsFv8P8NJdTREpY1vzqKqZKvdp,1,https://search.reversesandbox.com/web/search
giu4VciTkfWJNG1oeP6SzHEJwmabikJSMB91GaFNWE4,solana:5eykt4UsFv8P8NJdTREpY1vzqKqZKvdp,3,https://api.veradata.dev/sanctions
keeta_aabaolle2k3hceayy4vkyw7smgl35o5wbqeebt2fibyx5sxxodneqb2rmwqkjci,keeta:main,34,https://silverback-x402.onrender.com/api/v1/agent-discover
noble1z5g7vts3pfjsgschfjrhq5s3ze6etxjl5lj2rj,cosmos:noble-1,458,https://proxy.suverse.io/v1/data/base-contract-info
profile_61UblfO0ibSQRAFmJA6UblfOPtSQqKKZteuGBu3km7po,stripe:live,14,https://api.molty.cash/0xharryweb3/a2a
rfryheo6yzFdLWj8qUQtZc7zG9MKkBkUEy,xrpl:0,3,https://app.heinrichstech.com/v1/cdp/chain/erc20-balance
urn:x402:agent-pay:see-quote,aws:base,1,https://x402.tavily.com/search
