stratum,url,origin,pay_to,network,price_usdc,seller_tx_count
low_new,https://15.204.116.192.nip.io/nav,15.204.116.192.nip.io,0x81c395e942123Ffcd2877D3289D7218747e60CD1,base,0.05,7
low_new,https://4x402.com/api/games/:id/mercs/scout,4x402.com,0xf5b49961126F950c4937e818CA926C47bB14Ef70,base,0.25,18
low_new,https://agent-data-toolkit.onrender.com/repair,agent-data-toolkit.onrender.com,0x92Cb873c2d114d6Aa847EB110F721DA22B5220F7,base,0.001,0
low_new,https://agents.allium.so/api/v1/developer/wallet/balances/history,agents.allium.so,0x37a525f672941c2b2bce8524a92c0e9272a55526,eip155:8453,0.01,0
low_new,https://agents.datalegion.ai/company/base,agents.datalegion.ai,0xbfa3886b99ba2e2d1573cb09e57d9bb2a35a96b2,eip155:8453,0.01,0
low_new,https://api.biotechcatalystsentinel.com/v1/catalysts/upcoming,api.biotechcatalystsentinel.com,0xcD8975137D48ED9bfD1C299a62c01420B860070d,eip155:8453,0.02,2
low_new,https://api.entit.ai/v1/jobs,api.entit.ai,0x4d4864fc495963690561c53289Ae7eD7cFd4aAB0,eip155:8453,0.1,13
low_new,https://api.regressionincoming.fyi/v1/draft-board/half-ppr/%7Bplayer_id%7D,api.regressionincoming.fyi,0x3567C566E194dd25eD580aD917160b8700FE7460,eip155:8453,0.1,15
low_new,https://api.x402dataapi.com/v1/agent-accessibility,api.x402dataapi.com,0xE3e597A4698e0Ed0e06F9d9fE513157728FBc28B,eip155:8453,0.001,17
low_new,https://base-bookvs-movie.vercel.app/api/last-vote-access,base-bookvs-movie.vercel.app,0xcAaDa98159b82b80D7940CFb527f7Ab44E650Cc8,base,0.01,15
low_new,https://extract.dkta.dev/v1/extract,extract.dkta.dev,0x9C924E0b95FBE2Fe69D6ecDb434AEBFa15E236b2,base,0.001,4
low_new,https://jtifhcvbgxqwlywugvjv.supabase.co/functions/v1/cortex402-mortgage-rates,jtifhcvbgxqwlywugvjv.supabase.co,0x0d59A2a9E70fa6574dFA78c0AB5250C3aCcbB956,eip155:8453,0.02,11
low_new,https://kleros-ipfs-gateway.fly.dev/upload-to-ipfs,kleros-ipfs-gateway.fly.dev,0xf1C7c037891525E360C59f708739Ac09A7670c59,base,0.01,13
low_new,https://listing-roast-x402-service-production.up.railway.app/api/listing-roast,listing-roast-x402-service-production.up.railway.app,0xd9E7a161aD06F410c28b3939ceF5F06f0a327a8C,eip155:8453,0.001,3
low_new,https://mercury-x402-jed.fly.dev/buy/fetch,mercury-x402-jed.fly.dev,0xe10B9d44e72A29B9c19da02981FFCd875308e3C1,eip155:8453,0.003,12
low_new,https://mint.snowfro.com/api/projects/logo-by-generative-goods/x402-mint,mint.snowfro.com,0x6E1081d518f8eE5D11460CbEDef1ED5A47Bf98a7,base,1.0,6
low_new,https://paygent.obsmetrics.com/agents/tool-call-guard/run,paygent.obsmetrics.com,0x9bd29d8259Ac33Dc4d78D22ABF547eF2e518e2a5,eip155:8453,0.08,10
low_new,https://pitchiq-mcp-production.up.railway.app/x402/quote-action,pitchiq-mcp-production.up.railway.app,0x91859E0F5269a082F0419Fb9Ca2174680c9387b0,base,0.02,11
low_new,https://www.alphaos.site/api/x402/reputation,www.alphaos.site,0x7bBF9Bb16DD79ad51A97275D3Ea62aCE4d7Db18f,base,0.01,2
low_new,https://www.basehelper.fun/api/x402-xp,www.basehelper.fun,0x2a0a7a70844877362e5Ad1E33d5045A2FDD6678f,base,0.05,3
low_new,https://x402-geocoder-production.up.railway.app/geocode/address,x402-geocoder-production.up.railway.app,0x6747A3C31b795359B3bD0DdEd6a181e9fd0914e8,base,0.001,15
low_new,https://x402-next.netlify.app/protected,x402-next.netlify.app,0x32d19F868559AC212555B41C0Eb35FB2EECD7877,base,0.0001,14
low_new,https://x402.browserbase.com/browser/session/create,x402.browserbase.com,0xB79D4ef4F001D075fEd86DA1bE26847CDB394B71,base,0.002,0
low_new,https://x402.d-bis.org/api/paid-base-cdp,x402.d-bis.org,0x64357fCAdcc0a85C23B56a076A790d79328C6aD2,base,0.01,3
low_new,https://x402pixels.com/api/pixels,x402pixels.com,0x6B4c217000C9A97108f2ed4086F42B62EDd42665,base,1.0,2
mid_activity,http://x402.kirha.com/search,x402.kirha.com,0x46c52aA3823488EfD7F7e0dAB066976419292e6e,base,0.1,1762
mid_activity,https://agent-proxy.alchemy.com/v1/x402/4013ed2b4f50e768/abc-test-123/,agent-proxy.alchemy.com,0x658dc531A7FE637F7BA31C3dDd4C9bf8A27c81e5,eip155:8453,0.02,442
mid_activity,https://agentproof-murex.vercel.app/json/repair,agentproof-murex.vercel.app,0x9299ea851Fcf213071a6dD94ffCd026834D61023,eip155:8453,0.001,33
mid_activity,https://agents.dyoeway.org/approve,agents.dyoeway.org,0x834b189A1c087d0af169A905454979952F59e8AC,base,0.01,45
mid_activity,https://ai.azursafe.com/agent/screen-id,ai.azursafe.com,0xbc9FFC87e32BC848280ad4511c4a930AFc5946bD,eip155:8453,0.01,46
mid_activity,https://api.foxcite.com/brands/:id/playbooks/from-scan,api.foxcite.com,0x24eB5751eCB5f37D6D0837151e0a7bcBB214B3A4,eip155:8453,0.01,49
mid_activity,https://api.linkedpanda.com/agent/v1/geo-id,api.linkedpanda.com,0xe740D5701749D262dA5E4Fcb9f814c5B6D91Cf46,eip155:8453,0.01,667
mid_activity,https://api.printmoneylab.com/api/v1/fx-rate,api.printmoneylab.com,0xcF9223eCe895258dEa8D288AEBcf846Ab8E342fB,eip155:8453,0.001,5007
mid_activity,https://api.the402.ai/v1/discover,api.the402.ai,0x21bCE104282d6a089539C34aDddE152D42A02D0e,base,0.001,1669
mid_activity,https://api.useatelier.ai/api/x402/pay/svc_1780351920611_rmx2spwc1,api.useatelier.ai,0xa8cc4011eb545ee5d436a599c9a8bd03dd1e1df3,eip155:8453,0.055,93
mid_activity,https://barcode-generator.api.klymax402.com/api/barcode,barcode-generator.api.klymax402.com,0x6E8B64638b24C6D625b045dD353120d850064E2E,eip155:8453,0.001,2550
mid_activity,https://bounty.btnomb.com/api/bounties/idea_007/full,bounty.btnomb.com,0x9c768177521C9A832B0f8567265ef02E89D0282e,base,0.1,29
mid_activity,https://clawtious.creatormagic.ai/api/ai/brainstorm,clawtious.creatormagic.ai,0xb65BD05E02C537a240BdeBCfE21F4CF664C6c818,eip155:8453,0.001,265
mid_activity,https://gamemaxxing.baes.so/api/agent/v1/search,gamemaxxing.baes.so,0x702ba46435D1E55B18440100BC81EB055574875e,eip155:8453,0.001,37
mid_activity,https://hibraapp-delta.vercel.app/api/swap/execute,hibraapp-delta.vercel.app,0xCaedAF1FbF0dd26d93D50bD9878aC1167f1D0dfd,base,0.1,582
mid_activity,https://hypernatt.com/api/m2m/liq-radar,hypernatt.com,0x5a78ace5dd133316c8aaf7e156fbfc57e1209cf9,eip155:8453,0.001,42
mid_activity,https://ipfs.c402.markets/ipfs-upload,ipfs.c402.markets,0x1C146D7746Ea31f38eD16158f9f8cd19e03b2630,base,0.02,94
mid_activity,https://news-x402.com/news/recent,news-x402.com,0xda8a384c99832de7f176a6c21720227ac024e364,eip155:8453,0.01,118
mid_activity,https://nittarab.dev/secret,nittarab.dev,0x89764c3dEd721c29999A237cF935a34e1C8EDf97,base,0.05,434
mid_activity,https://platform.shipp.ai/api/v1/connections/inline/1,platform.shipp.ai,0xB69C86B17001f0c0838847225403CBd414905E2d,eip155:8453,0.01,21
mid_activity,https://tensorfeed.ai/api/premium/agents/directory,tensorfeed.ai,0x549c82e6bfc54bdae9a2073744cbc2af5d1fc6d1,eip155:8453,0.02,182
mid_activity,https://three.ws/api/x402/dance-tip,three.ws,0x4022de2d36c334e73c7a108805cea11c0564f402,eip155:8453,0.001,22
mid_activity,https://www.datadon.xyz/datadon/hello,www.datadon.xyz,0x5622912cC90DE831C5FcEc5Eb65e10fB3892C75D,base,1.0,232
mid_activity,https://x402-cybercentry-cyber-security-consultant.up.railway.app/query,x402-cybercentry-cyber-security-consultant.up.railway.app,0xfEE13309251B632317ea2d475d6ABa7E7E0219e6,base,0.02,1390
mid_activity,https://x402.agoragentic.com/v1/text-summarizer,x402.agoragentic.com,0xadB33740Ac38c8F6721100Ff813ab91d958670BC,eip155:8453,0.1,55
top_volume,http://agentic.eternalai.org/uncensored-image,agentic.eternalai.org,0x145e95367d1524505BF44E9589A34b1EA62983C5,base,0.029,34996
top_volume,http://ainalyst-api.xyz/click,ainalyst-api.xyz,0x5E50d23EC14Ea4436582029a25313e5048e01D10,base,0.01,8904260
top_volume,https://agi.apify.com/protocols/x402/prepaid-tokens,agi.apify.com,0x4aAbE17C239eF71c3A26bA7C2b3e0AeBbfC1DF26,eip155:8453,1.0,851
top_volume,https://api.bitrefill.com/x402/checkout/info,api.bitrefill.com,0x480CD46E6faDe651a0437DeaddA53D5c8e7D846A,eip155:8453,0.001,188
top_volume,https://api.exa.ai/contents,api.exa.ai,0x6d6E695b09861467c7d462f5AAF31cF3540B9192,eip155:8453,0.001,79871
top_volume,https://api.itsgloria.ai/news,api.itsgloria.ai,0xCa1271E777C209e171826A681855351f4989cd0c,base,0.03,19054
top_volume,https://api.jarvisclaw.ai/v1/chat/completions,api.jarvisclaw.ai,0xDC59fa7b64988B846e76eC9849bb68f889071506,eip155:8453,0.001,7044
top_volume,https://api.messari.io/metrics/v2/assets/ath,api.messari.io,0x75Ddd3c42eAce13c59EA0CD1141B886A1c70D2A5,eip155:8453,0.1,1575
top_volume,https://api.myceliasignal.com/oracle/basis/btc/usd,api.myceliasignal.com,0xD593832Ce9C2B13B192ba50B55dd9AF44e96700d,eip155:8453,0.02,7096
top_volume,https://api.nansen.ai/api/v1/chains/chain-rank,api.nansen.ai,0x93053f1e7A5eFEDa532Fe69CbbE43cBEc3A0F13f,eip155:8453,0.01,28587
top_volume,https://api.strale.io/x402/address-geocode,api.strale.io,0x66D7C2F952362BFB24FD7F02a9beC9c754ea83bC,base,0.0216,2947
top_volume,https://bald.x420.dev/api/puff,bald.x420.dev,0x93109d14F6665a9c9675290D3cD5A6c07bBAfdbd,base,1.0,144840
top_volume,https://basetomcat.com/api/mint-experience,basetomcat.com,0x0D6041F6F8FeE3B66efb633716af12c2Da331D77,base,0.01,267614
top_volume,https://emc2ai.io/x402/bitquery/candles/raw,emc2ai.io,0xc9368b30BD620164FD1a05a5d99dcaf8Ae754775,base,0.25,1158
top_volume,https://gifu-server.onrender.com/api/x402/search/random,gifu-server.onrender.com,0xCD95802A4aBddD75A5750DD2d6935007eF268275,base,0.03,697
top_volume,https://market.lnpay.ai/x402/agent,market.lnpay.ai,0x66FA4D79cA84016b42352BE33C908Dd812952Ec8,base,0.01,31551142
top_volume,https://mesh.heurist.xyz/x402/agents/AIXBTProjectInfoAgent/get_market_summary,mesh.heurist.xyz,0x7d9d1821d15B9e0b8Ab98A058361233E255E405D,base,0.01,67813
top_volume,https://nut402.codenut.xyz/api/mint/xs,nut402.codenut.xyz,0x941328bA462F729d4a0Dab895F21bd69aD5B15E0,base,0.01,79425
top_volume,https://pay.codenut.ai/credit-drop/xs,pay.codenut.ai,0x8d8Fa42584a727488eeb0E29405AD794a105bb9b,base,0.01,403233
top_volume,https://public.zapper.xyz/x402/account-identity,public.zapper.xyz,0x43a2a720cd0911690c248075f4a29a5e7716f758,eip155:8453,0.001125,135468
top_volume,https://wurkapi.fun/base/xraid/small,wurkapi.fun,0xF00DAF15713e82fBb7bDC4b818444D93D655DE96,eip155:8453,1.0,2468
top_volume,https://www.genbase.fun/api/image/create,www.genbase.fun,0xF338bDD9ec443335B1c33aD3bb21A421A36f97eA,base,0.02,6316
top_volume,https://www.qrbase.xyz/api/x402/ping,www.qrbase.xyz,0x07737A1fB3863202bcd3c7408b801EEd68604D39,base,0.001,886050
top_volume,https://x402-secure-api.t54.ai/x402/tools/get_api_health,x402-secure-api.t54.ai,0x0495d60c927B97d67D5018C6AA65C9b2bebaeED9,base,0.01,29639429
top_volume,https://x721.dev/roadmap,x721.dev,0x70DA5f2A851FB936eFF8207f2733b0914cC44B7D,base,0.01,1380
